Ezequiel Franca,20/04/2014,10
Paul James,20/04/2014,10
Medico1,20/04/2014,10
John Smith,01/01/14,01/01/14
Mary Jones,01/01/14,08:00
Mary Jones,01/01/14,08:00
Mary Jones,01/01/14,08:00
Mary Jones,01/01/14,08:00
Mary Jones,01/01/14,08:00
Mary Jones,01/01/14,08:00
Mary Jones,01/01/14,08:00
Mary Jones,01/01/14,08:00
Mary Jones,01/01/14,08:00
Mary Jones,01/01/14,08:00
Mary Jones,01/01/14,08:00
Mary Jones,01/01/14,08:00
Mary Jones,01/01/14,08:00
Mary Jones,01/01/14,08:00
Mary Jones,01/01/14,08:00
Mary Jones,01/01/14,08:00
Mary Jones,01/01/14,08:00
Mary Jones,01/01/14,08:00
Mary Jones,01/01/14,08:00
Mary Jones,01/01/14,08:00
Mary Jones,01/01/14,08:00
Ezequiel Franca,01/01/14,08:00
Ezequiel Franca,01/01/14,08:00
John Smith,,09:00
